{
  "node": "root",
  "child": [
    {
      "node": "element",
      "tag": "div",
      "attr": {
        "class": "text-component",
        "data": "text-1"
      },
      "child": [
        {
          "node": "element",
          "tag": "p",
          "attr": {
            "contenteditable": "true",
            "style": [
              "opacity:",
              "1;"
            ]
          },
          "child": [
            {
              "node": "text",
              "text": "sakudfaskjfa;sldfkjas;ldfkjas;ldkfjas"
            }
          ]
        },
        {
          "node": "text",
          "text": " "
        },
        {
          "node": "comment",
          "text": ""
        },
        {
          "node": "text",
          "text": " "
        },
        {
          "node": "element",
          "tag": "div",
          "attr": {
            "class": "text-handle",
            "style": [
              "display:",
              "none;"
            ]
          },
          "child": [
            {
              "node": "element",
              "tag": "ul",
              "attr": {
                "class": "text-handle_list"
              },
              "child": [
                {
                  "node": "element",
                  "tag": "li",
                  "child": [
                    {
                      "node": "element",
                      "tag": "button",
                      "child": [
                        {
                          "node": "element",
                          "tag": "i",
                          "attr": {
                            "class": "navigation",
                            "style": [
                              "background-position:",
                              "0px",
                              "0px;"
                            ]
                          }
                        }
                      ]
                    }
                  ]
                },
                {
                  "node": "text",
                  "text": " "
                },
                {
                  "node": "element",
                  "tag": "li",
                  "child": [
                    {
                      "node": "element",
                      "tag": "button",
                      "child": [
                        {
                          "node": "element",
                          "tag": "i",
                          "attr": {
                            "class": "navigation",
                            "style": [
                              "background-position:",
                              "-20px",
                              "0px;"
                            ]
                          }
                        }
                      ]
                    }
                  ]
                },
                {
                  "node": "text",
                  "text": " "
                },
                {
                  "node": "element",
                  "tag": "li",
                  "child": [
                    {
                      "node": "element",
                      "tag": "button",
                      "child": [
                        {
                          "node": "element",
                          "tag": "i",
                          "attr": {
                            "class": "navigation",
                            "style": [
                              "background-position:",
                              "-40px",
                              "0px;"
                            ]
                          }
                        }
                      ]
                    }
                  ]
                },
                {
                  "node": "text",
                  "text": " "
                },
                {
                  "node": "element",
                  "tag": "li",
                  "child": [
                    {
                      "node": "element",
                      "tag": "button",
                      "child": [
                        {
                          "node": "element",
                          "tag": "i",
                          "attr": {
                            "class": "navigation",
                            "style": [
                              "background-position:",
                              "-60px",
                              "0px;"
                            ]
                          }
                        }
                      ]
                    }
                  ]
                },
                {
                  "node": "text",
                  "text": " "
                },
                {
                  "node": "element",
                  "tag": "li",
                  "child": [
                    {
                      "node": "element",
                      "tag": "button",
                      "child": [
                        {
                          "node": "element",
                          "tag": "i",
                          "attr": {
                            "class": "navigation",
                            "style": [
                              "background-position:",
                              "-80px",
                              "0px;"
                            ]
                          }
                        }
                      ]
                    }
                  ]
                },
                {
                  "node": "text",
                  "text": " "
                },
                {
                  "node": "element",
                  "tag": "li",
                  "child": [
                    {
                      "node": "element",
                      "tag": "button",
                      "child": [
                        {
                          "node": "element",
                          "tag": "i",
                          "attr": {
                            "class": "navigation",
                            "style": [
                              "background-position:",
                              "-100px",
                              "0px;"
                            ]
                          }
                        }
                      ]
                    }
                  ]
                }
              ]
            },
            {
              "node": "text",
              "text": " "
            },
            {
              "node": "comment",
              "text": ""
            }
          ]
        }
      ]
    },
    {
      "node": "text",
      "text": "\n        box-sizing:border-box;\n           "
    },
    {
      "node": "element",
      "tag": "div",
      "attr": {
        "class": "footer-bank"
      }
    }
  ]
}