{
  "categories": [
    {
      "name": "global_school",
      "title_zh": "世界学院",
      "title_en": "Global School",
      "sub": [
        {
          "name": "big_data",
          "title_zh": "大数据",
          "title_en": "Big Data"
        },
        {
          "name": "academic_salon",
          "title_zh": "学术沙龙",
          "title_en": "Academic Salon"
        },
        {
          "name": "humannism",
          "title_zh": "人本主义社会学",
          "title_en": "Humanism"
        }
      ]
    },
    {
      "name": "baita_event",
      "title_zh": "白塔事件",
      "title_en": "Baita Event",
      "sub": [
        {
          "name": "beijing_design_week",
          "title_zh": "北京国际设计周",
          "title_en": "Beijing Design Week",
          "sub": [
            {
              "name": "2015",
              "title_zh": "2015北京国际设计周",
              "title_en": "BJDW2015"
            },
            {
              "name": "2016",
              "title_zh": "2016北京国际设计周",
              "title_en": "BJDW2016"
            },
            {
              "name": "2017",
              "title_zh": "2017北京国际设计周",
              "title_en": "BJDW2017"
            }
          ]
        },
        {
          "name": "baitasi_international_design_competition",
          "title_zh": "白塔寺国际方案征集",
          "title_en": "Baitasi International Design Competition",
          "sub": [
            {
              "name": "design_fair",
              "title_zh": "设计市集",
              "title_en": "Design Fair"
            },
            {
              "name": "baitasi_courtyard_renewal_international_design_competition",
              "title_zh": "院落更新国际方案征集",
              "title_en": "Baitasi Courtyard Renewal International Design Competition"
            }
          ]
        },
        {
          "name": "latest_news",
          "title_zh": "白塔新事",
          "title_en": "Latest news",
          "sub": [
            {
              "name": "venice_biennale",
              "title_zh": "威尼斯双年展",
              "title_en": "Venice Biennale"
            },
            {
              "name": "at_trans_design_shanghai",
              "title_zh": "上海设计之变",
              "title_en": "At Trans-Design/Shanghai"
            }
          ]
        }
      ]
    },
    {
      "name": "community_neighborhood",
      "title_zh": "社区邻里",
      "title_en": "Community neighborhood",
      "sub": [
        {
          "name": "no41_qingta_hutong",
          "title_zh": "青塔胡同41号",
          "title_en": "No.41,Qingta Hutong"
        },
        {
          "name": "community_marathon",
          "title_zh": "活力社区马拉松",
          "title_en": "Community Marathon"
        },
        {
          "name": "fucheng_memory",
          "title_zh": "阜成记忆系列征集活动",
          "title_en": "Fucheng Memory"
        },
        {
          "name": "baita_reception",
          "title_zh": "白塔会客厅",
          "title_en": "Baita Reception"
        },
        {
          "name": "photography_marathon",
          "title_zh": "摄影马拉松",
          "title_en": "Photography Marathon"
        }
      ]
    },
    {
      "name": "meeting_baita",
      "title_zh": "邂逅白塔",
      "title_en": "Meeting Baita",
      "sub": [
        {
          "name": "cultural_exhibition",
          "title_zh": "展览艺术、文化展览",
          "title_en": "Cultural Exhibition"
        },
        {
          "name": "scenic_spots",
          "title_zh": "景点",
          "title_en": "Scenic spots"
        },
        {
          "name": "route",
          "title_zh": "游览路线",
          "title_en": "Route"
        },
        {
          "name": "map",
          "title_zh": "吃喝玩乐地图",
          "title_en": "Map"
        }
      ]
    },
    {
      "name": "entering_baita",
      "title_zh": "进驻白塔",
      "title_en": "Entering Baita",
      "sub": [
        {
          "name": "merchants",
          "title_zh": "商业信息",
          "title_en": "Merchants"
        },
        {
          "name": "contact_us",
          "title_zh": "招商联系方式",
          "title_en": "Contact Us"
        }
      ]
    },
    {
      "name": "media center",
      "title_zh": "媒体中心",
      "title_en": "Media Center",
      "sub": [
        {
          "name": "media_report",
          "title_zh": "媒体报道",
          "title_en": "Media report"
        },
        {
          "name": "contact_us",
          "title_zh": "宣传资料，联系方式",
          "title_en": "Contact Us"
        }
      ]
    },
    {
      "name": "about_us",
      "title_zh": "关于我们",
      "title_en": "About Us",
      "sub": [
        {
          "name": "corporation",
          "title_zh": "合作交流",
          "title_en": "Corporation"
        },
        {
          "name": "job_opportunity",
          "title_zh": "工作机会",
          "title_en": "Job opportunity"
        },
        {
          "name": "contact_us",
          "title_zh": "联系我们",
          "title_en": "Contact Us"
        }
      ]
    }
  ]
}